{
    "xxz": {
      "1.5": {
        "20": {
          "exact": -0.52545277989
        }
      }
    },
    "Square_Heisenberg": {
      "1": {
        "4": {
          "pp+rbm": -0.701780
        },
        "6": {
          "qmc" : -0.678873,
          "pp+rbm": -0.678868
        
        },
        "8": {
          "qmc" : -0.673487,
          "pp+rbm": -0.673482
          
        }
      
      }
    },

    "J1J21d": {
      "0.4": {
        "100": {
          "exact": -0.3803882
        }
      },
      "0.8":{
        "100": {
          "exact": -0.4216664
        }
      }
    },
    "J1J2": {
      "0.2": {
        
        "6": {
          "exact": -0.599046
        }
      },
      "0.4": {
       
        "6": {
          "exact": -0.529745
        }

      },
      "0.45": {
        "6": {
          "exact": -0.51565739
          
        }
      },
      "0.5": {
       
        "6": {
          "exact": -0.503810
        }
       
        
      },
      "0.8": {
       
        "6": {
          "exact": -0.586487
        }
       
      },
      "1.0": {
       
        "6": {
          "exact": -0.714360
        }
      }
    }
  }