{
    "xxz": {
      "1.5": {
        "20": {
          "exact": -0.52545277989
        }
      }
    },
    "Square_Heisenberg": {
      "1": {
        "4": {
          "pp+rbm": -0.701780,
          "aochen": -43.5 
        },
        "6": {
          "qmc" : -0.678873,
          "pp+rbm": -0.678868,
          "aochen": -88.8
        },
        "8": {
          "qmc" : -0.673487,
          "pp+rbm": -0.673482,
          "aochen": -156.5
        },
        "10": {
          "pp+rbm": -247.8,
          "aochen": -246.9
        }
      }
    },

    "J1J21d": {
      "0.4": {
        "100": {
          "exact": -0.3803882,
          "vit": -47.8
        }
      },
      "0.8":{
        "100": {
          "exact": -0.4216664,
          "vit": -47.8
        }
      }
    },
    "J1J2": {
      "0.2": {
        "4": {
          "qmc": -48.2,
          "aochen": -47.8
        },
        "6": {
          "exact": -0.599046,
          "aochen": -97.9
        },
        "8": {
          "pp+rbm": -174.1,
          "aochen": -173.3
        },
        "10": {
          "pp+rbm": -0.497629,
          "aochen": -0.49516
        }
      },
      "0.4": {
        "4": {
          "qmc": -48.2,
          "aochen": -47.8
        },
        "6": {
          "exact": -0.529745,
          "aochen": -97.9
        },
        "8": {
          "pp+rbm": -174.1,
          "aochen": -173.3
        },
        "10": {
          "pp+rbm": -0.497629,
          "aochen": -0.49516
        }
      },
      "0.45": {
        "4": {
          "qmc": -48.2,
          "aochen": -47.8
        },
        "6": {
          "exact": -0.51565739,
          "aochen": -97.9
        },
        "8": {
          "pp+rbm": -174.1,
          "aochen": -173.3
        },
        "10": {
          "pp+rbm": -0.497629,
          "aochen": -0.49516
        }
      },
      "0.5": {
        "4": {
          "qmc": -48.2,
          "aochen": -47.8
        },
        "6": {
          "exact": -0.503810,
          "aochen": -97.9
        },
        "8": {
          "pp+rbm": -174.1,
          "aochen": -173.3
        },
        "10": {
          "exact": -0.497715,
          "pp+rbm": -0.497629,
          "aochen": -0.4976921
        }
      },
      "0.8": {
        "4": {
          "pp+rbm": 0,
          "aochen": -48.6
        },
        "6": {
          "exact": -0.586487,
          "aochen": -101.7
        },
        "8": {
          "pp+rbm": -180.9,
          "aochen": -180.0
        },
        "10": {
          "pp+rbm": -289.4,
          "aochen": -288.2
        }
      },
      "1.0": {
        "4": {
          "pp+rbm": 0,
          "aochen": -48.6
        },
        "6": {
          "exact": -0.714360,
          "aochen": -101.7
        },
        "8": {
          "pp+rbm": -180.9,
          "aochen": -180.0
        },
        "10": {
          "pp+rbm": -289.4,
          "aochen": -288.2
        }
      }
    },
    "ShastrySutherland": {
      "1.0": {
        "4": {
          "pp+rbm": -40.3 ,
          "aochen": -39.9
        },
        "6": {
          "pp+rbm": -82.7,
          "aochen": -82.1
        },
        "8": {
          "pp+rbm": -144.5,
          "aochen": -143.8
        },
        "10": {
          "pp+rbm": -226.1 ,
          "aochen": -225.3
        }
      }
    }
  }